LearnerID,StudyHours,QuizScore,AssignmentScore,AttendanceRate,InteractionCount,CourseCompletion,Log_StudyHours,QuizCategory,CLEI_Score,PredictedCompletionProb,RiskTier,PrescriptiveAction
STU-1001,16.5,43.4,55.2,85.5,47,1,2.8622,Needs Support,46.44,0.4611,Moderate Risk (Needs Monitoring),Enroll in Remedial Problem-Solving Labs
STU-1002,11.7,49.4,57.4,89.6,35,1,2.5416,Needs Support,44.7,0.4182,Moderate Risk (Needs Monitoring),Enroll in Remedial Problem-Solving Labs
STU-1003,11.1,45.5,53.6,80.6,46,1,2.4932,Needs Support,39.5,0.2994,High Risk (Critical Intervention),Enroll in Remedial Problem-Solving Labs
STU-1004,11.1,33.8,43.3,71.2,35,0,2.4932,Needs Support,26.05,0.1002,High Risk (Critical Intervention),Enroll in Remedial Problem-Solving Labs | Mandatory mentor check-in for attendance remediation
STU-1005,27.6,60.6,56.1,93.2,70,1,3.3534,Progressing,73.15,0.9252,Low Risk (On Track for Distinction),Eligible for Advanced Honors Projects & Peer Mentoring
STU-1006,19.0,52.0,43.2,72.0,56,1,2.9957,Needs Support,45.69,0.4425,Moderate Risk (Needs Monitoring),Enroll in Remedial Problem-Solving Labs | Mandatory mentor check-in for attendance remediation
STU-1007,9.6,41.7,58.8,76.2,41,0,2.3609,Needs Support,32.7,0.178,High Risk (Critical Intervention),Enroll in Remedial Problem-Solving Labs | Increase weekly active study time by 3.5 hrs
STU-1008,16.9,68.1,65.6,87.1,50,1,2.8848,Progressing,58.79,0.7463,Low Risk (On Track for Distinction),Eligible for Advanced Honors Projects & Peer Mentoring
STU-1009,14.5,64.8,65.7,93.4,48,1,2.7408,Progressing,58.93,0.7489,Low Risk (On Track for Distinction),Eligible for Advanced Honors Projects & Peer Mentoring
STU-1010,3.3,48.6,56.8,94.5,33,1,1.4586,Needs Support,40.03,0.3107,High Risk (Critical Intervention),Enroll in Remedial Problem-Solving Labs | Increase weekly active study time by 3.5 hrs
STU-1011,6.7,31.4,47.3,77.0,26,0,2.0412,Needs Support,22.94,0.0754,High Risk (Critical Intervention),Enroll in Remedial Problem-Solving Labs | Increase weekly active study time by 3.5 hrs
STU-1012,15.0,47.9,71.9,93.5,30,1,2.7726,Needs Support,48.08,0.502,Moderate Risk (Needs Monitoring),Enroll in Remedial Problem-Solving Labs
STU-1013,26.2,50.6,56.8,81.0,69,1,3.3032,Needs Support,59.87,0.7662,Low Risk (On Track for Distinction),Enroll in Remedial Problem-Solving Labs
STU-1014,11.1,46.3,48.5,82.5,38,1,2.4932,Needs Support,39.13,0.2917,High Risk (Critical Intervention),Enroll in Remedial Problem-Solving Labs
STU-1015,9.2,18.8,36.1,78.7,30,0,2.3224,Needs Support,21.79,0.0678,High Risk (Critical Intervention),Enroll in Remedial Problem-Solving Labs | Increase weekly active study time by 3.5 hrs
STU-1016,13.5,47.0,62.4,92.8,40,1,2.6741,Needs Support,48.4,0.51,Moderate Risk (Needs Monitoring),Enroll in Remedial Problem-Solving Labs
STU-1017,8.9,31.6,34.3,62.8,25,0,2.2925,Needs Support,15.62,0.0378,High Risk (Critical Intervention),Enroll in Remedial Problem-Solving Labs | Increase weekly active study time by 3.5 hrs | Mandatory mentor check-in for attendance remediation
STU-1018,10.7,28.9,46.1,75.9,34,0,2.4596,Needs Support,26.42,0.1036,High Risk (Critical Intervention),Enroll in Remedial Problem-Solving Labs
STU-1019,12.6,56.4,47.0,93.5,54,1,2.6101,Progressing,55.35,0.6759,Moderate Risk (Needs Monitoring),Eligible for Advanced Honors Projects & Peer Mentoring
STU-1020,6.5,32.2,45.2,87.1,24,0,2.0149,Needs Support,29.02,0.1303,High Risk (Critical Intervention),Enroll in Remedial Problem-Solving Labs | Increase weekly active study time by 3.5 hrs
STU-1021,19.5,60.4,67.9,97.0,49,1,3.0204,Progressing,63.76,0.8286,Low Risk (On Track for Distinction),Eligible for Advanced Honors Projects & Peer Mentoring
STU-1022,5.8,64.7,72.0,91.5,17,1,1.9169,Progressing,43.1,0.3799,High Risk (Critical Intervention),Increase weekly active study time by 3.5 hrs | Participate in peer discussion forum threads
STU-1023,5.4,24.1,34.8,78.9,27,0,1.8563,Needs Support,20.26,0.0587,High Risk (Critical Intervention),Enroll in Remedial Problem-Solving Labs | Increase weekly active study time by 3.5 hrs
STU-1024,14.1,49.5,47.8,91.5,49,1,2.7147,Needs Support,51.26,0.5808,Moderate Risk (Needs Monitoring),Enroll in Remedial Problem-Solving Labs
STU-1025,18.7,52.3,56.8,92.1,39,1,2.9806,Needs Support,54.24,0.6511,Moderate Risk (Needs Monitoring),Enroll in Remedial Problem-Solving Labs
STU-1026,13.9,37.8,37.2,71.7,39,0,2.7014,Needs Support,31.31,0.1586,High Risk (Critical Intervention),Enroll in Remedial Problem-Solving Labs | Mandatory mentor check-in for attendance remediation
STU-1027,11.9,49.6,51.6,79.1,36,1,2.5572,Needs Support,38.54,0.2797,High Risk (Critical Intervention),Enroll in Remedial Problem-Solving Labs
STU-1028,10.6,49.6,51.1,75.3,40,1,2.451,Needs Support,36.01,0.2317,High Risk (Critical Intervention),Enroll in Remedial Problem-Solving Labs
STU-1029,9.7,53.7,52.0,94.5,40,1,2.3702,Needs Support,49.12,0.528,Moderate Risk (Needs Monitoring),Enroll in Remedial Problem-Solving Labs | Increase weekly active study time by 3.5 hrs
STU-1030,21.8,55.0,66.4,97.4,61,1,3.1268,Progressing,66.53,0.8645,Low Risk (On Track for Distinction),Eligible for Advanced Honors Projects & Peer Mentoring
STU-1031,15.1,73.5,69.8,97.2,36,1,2.7788,Progressing,62.6,0.8115,Low Risk (On Track for Distinction),Eligible for Advanced Honors Projects & Peer Mentoring
STU-1032,10.1,25.1,44.6,73.0,32,0,2.4069,Needs Support,22.02,0.0693,High Risk (Critical Intervention),Enroll in Remedial Problem-Solving Labs | Mandatory mentor check-in for attendance remediation
STU-1033,8.4,35.3,37.3,87.9,33,0,2.2407,Needs Support,34.53,0.2064,High Risk (Critical Intervention),Enroll in Remedial Problem-Solving Labs | Increase weekly active study time by 3.5 hrs
STU-1034,17.5,57.5,56.5,96.7,56,1,2.9178,Progressing,62.37,0.808,Low Risk (On Track for Distinction),Eligible for Advanced Honors Projects & Peer Mentoring
STU-1035,21.5,53.3,57.0,77.8,58,1,3.1135,Needs Support,52.45,0.6094,Moderate Risk (Needs Monitoring),Enroll in Remedial Problem-Solving Labs
STU-1036,20.5,60.6,57.2,90.6,64,1,3.0681,Progressing,64.19,0.8347,Low Risk (On Track for Distinction),Eligible for Advanced Honors Projects & Peer Mentoring
STU-1037,7.6,49.1,48.8,72.2,28,0,2.1518,Needs Support,28.49,0.1244,High Risk (Critical Intervention),Enroll in Remedial Problem-Solving Labs | Increase weekly active study time by 3.5 hrs | Mandatory mentor check-in for attendance remediation
STU-1038,10.6,44.0,52.1,86.0,47,1,2.451,Needs Support,42.11,0.3569,High Risk (Critical Intervention),Enroll in Remedial Problem-Solving Labs
STU-1039,9.6,44.5,52.9,84.9,35,1,2.3609,Needs Support,37.94,0.2678,High Risk (Critical Intervention),Enroll in Remedial Problem-Solving Labs | Increase weekly active study time by 3.5 hrs
STU-1040,11.4,39.8,44.9,83.0,37,1,2.5177,Needs Support,36.75,0.2451,High Risk (Critical Intervention),Enroll in Remedial Problem-Solving Labs
STU-1041,19.4,59.5,61.6,88.4,61,1,3.0155,Progressing,60.72,0.7811,Low Risk (On Track for Distinction),Eligible for Advanced Honors Projects & Peer Mentoring
STU-1042,25.0,55.1,51.4,81.6,70,1,3.2581,Progressing,61.36,0.7918,Low Risk (On Track for Distinction),Eligible for Advanced Honors Projects & Peer Mentoring
STU-1043,15.4,48.7,59.8,89.6,47,1,2.7973,Needs Support,50.33,0.558,Moderate Risk (Needs Monitoring),Enroll in Remedial Problem-Solving Labs
STU-1044,8.6,47.7,53.6,86.9,25,1,2.2618,Needs Support,37.33,0.256,High Risk (Critical Intervention),Enroll in Remedial Problem-Solving Labs | Increase weekly active study time by 3.5 hrs
STU-1045,12.4,44.8,44.4,60.3,38,0,2.5953,Needs Support,25.53,0.0956,High Risk (Critical Intervention),Enroll in Remedial Problem-Solving Labs | Mandatory mentor check-in for attendance remediation
STU-1046,27.4,43.1,66.2,83.4,72,1,3.3464,Needs Support,59.97,0.768,Low Risk (On Track for Distinction),Enroll in Remedial Problem-Solving Labs
STU-1047,13.3,52.8,51.8,91.6,39,1,2.6603,Needs Support,49.66,0.5414,Moderate Risk (Needs Monitoring),Enroll in Remedial Problem-Solving Labs
STU-1048,10.7,44.4,61.9,89.6,43,1,2.4596,Needs Support,43.69,0.3939,High Risk (Critical Intervention),Enroll in Remedial Problem-Solving Labs
STU-1049,11.2,55.0,43.3,90.6,41,1,2.5014,Progressing,48.68,0.517,Moderate Risk (Needs Monitoring),Eligible for Advanced Honors Projects & Peer Mentoring
STU-1050,15.4,49.2,43.5,89.6,48,1,2.7973,Needs Support,50.77,0.5688,Moderate Risk (Needs Monitoring),Enroll in Remedial Problem-Solving Labs
STU-1051,7.7,49.7,45.1,79.1,30,1,2.1633,Needs Support,33.67,0.1926,High Risk (Critical Intervention),Enroll in Remedial Problem-Solving Labs | Increase weekly active study time by 3.5 hrs
STU-1052,9.4,40.0,44.5,90.1,32,1,2.3418,Needs Support,38.48,0.2785,High Risk (Critical Intervention),Enroll in Remedial Problem-Solving Labs | Increase weekly active study time by 3.5 hrs
STU-1053,20.4,35.4,47.6,82.0,51,1,3.0634,Needs Support,45.07,0.4273,Moderate Risk (Needs Monitoring),Enroll in Remedial Problem-Solving Labs
STU-1054,15.2,59.3,62.6,89.3,48,1,2.785,Progressing,54.63,0.6599,Moderate Risk (Needs Monitoring),Eligible for Advanced Honors Projects & Peer Mentoring
STU-1055,13.4,41.3,49.5,86.7,40,1,2.6672,Needs Support,42.09,0.3564,High Risk (Critical Intervention),Enroll in Remedial Problem-Solving Labs
STU-1056,20.9,45.1,53.9,92.2,61,1,3.0865,Needs Support,58.36,0.7381,Low Risk (On Track for Distinction),Enroll in Remedial Problem-Solving Labs
STU-1057,8.3,40.4,51.3,79.9,23,0,2.23,Needs Support,29.13,0.1316,High Risk (Critical Intervention),Enroll in Remedial Problem-Solving Labs | Increase weekly active study time by 3.5 hrs
STU-1058,10.5,42.7,56.2,85.3,32,1,2.4423,Needs Support,37.47,0.2586,High Risk (Critical Intervention),Enroll in Remedial Problem-Solving Labs
STU-1059,14.9,53.4,46.7,79.8,37,1,2.7663,Needs Support,43.29,0.3844,High Risk (Critical Intervention),Enroll in Remedial Problem-Solving Labs
STU-1060,14.6,60.0,61.3,95.7,44,1,2.7473,Progressing,57.52,0.7215,Low Risk (On Track for Distinction),Eligible for Advanced Honors Projects & Peer Mentoring
STU-1061,5.0,44.1,55.2,95.9,31,1,1.7918,Needs Support,39.97,0.3094,High Risk (Critical Intervention),Enroll in Remedial Problem-Solving Labs | Increase weekly active study time by 3.5 hrs
STU-1062,9.9,32.5,45.1,74.1,45,0,2.3888,Needs Support,28.73,0.1271,High Risk (Critical Intervention),Enroll in Remedial Problem-Solving Labs | Increase weekly active study time by 3.5 hrs | Mandatory mentor check-in for attendance remediation
STU-1063,11.6,41.9,40.8,70.0,25,0,2.5337,Needs Support,26.7,0.1062,High Risk (Critical Intervention),Enroll in Remedial Problem-Solving Labs | Mandatory mentor check-in for attendance remediation
STU-1064,15.8,46.4,48.3,73.3,42,1,2.8214,Needs Support,38.19,0.2727,High Risk (Critical Intervention),Enroll in Remedial Problem-Solving Labs | Mandatory mentor check-in for attendance remediation
STU-1065,14.6,42.5,41.9,58.4,41,0,2.7473,Needs Support,25.91,0.0989,High Risk (Critical Intervention),Enroll in Remedial Problem-Solving Labs | Mandatory mentor check-in for attendance remediation
STU-1066,12.1,42.0,49.1,92.3,40,1,2.5726,Needs Support,44.84,0.4217,Moderate Risk (Needs Monitoring),Enroll in Remedial Problem-Solving Labs
STU-1067,3.3,23.6,28.0,58.7,13,0,1.4586,Needs Support,2.19,0.0101,High Risk (Critical Intervention),Enroll in Remedial Problem-Solving Labs | Increase weekly active study time by 3.5 hrs | Mandatory mentor check-in for attendance remediation | Participate in peer discussion forum threads
STU-1068,12.5,45.5,48.6,72.2,31,0,2.6027,Needs Support,31.77,0.1648,High Risk (Critical Intervention),Enroll in Remedial Problem-Solving Labs | Mandatory mentor check-in for attendance remediation
STU-1069,13.1,56.6,56.8,83.8,37,1,2.6462,Progressing,45.66,0.4418,Moderate Risk (Needs Monitoring),Eligible for Advanced Honors Projects & Peer Mentoring
STU-1070,39.5,77.4,68.1,75.4,76,1,3.7013,Excelling,80.18,0.9615,Low Risk (On Track for Distinction),Eligible for Advanced Honors Projects & Peer Mentoring
STU-1071,11.3,44.0,43.8,80.2,41,1,2.5096,Needs Support,37.59,0.261,High Risk (Critical Intervention),Enroll in Remedial Problem-Solving Labs
STU-1072,14.9,35.3,36.8,60.8,32,0,2.7663,Needs Support,22.53,0.0726,High Risk (Critical Intervention),Enroll in Remedial Problem-Solving Labs | Mandatory mentor check-in for attendance remediation
STU-1073,22.7,61.9,61.0,89.8,52,1,3.1655,Progressing,63.19,0.8204,Low Risk (On Track for Distinction),Eligible for Advanced Honors Projects & Peer Mentoring
STU-1074,18.8,42.3,54.2,80.6,51,1,2.9857,Needs Support,45.74,0.4437,Moderate Risk (Needs Monitoring),Enroll in Remedial Problem-Solving Labs
STU-1075,25.5,49.4,45.7,76.0,63,1,3.2771,Needs Support,54.19,0.65,Moderate Risk (Needs Monitoring),Enroll in Remedial Problem-Solving Labs
STU-1076,5.1,56.3,63.8,97.9,36,1,1.8083,Progressing,47.59,0.4898,Moderate Risk (Needs Monitoring),Increase weekly active study time by 3.5 hrs
STU-1077,6.8,40.3,48.2,75.8,33,0,2.0541,Needs Support,27.63,0.1154,High Risk (Critical Intervention),Enroll in Remedial Problem-Solving Labs | Increase weekly active study time by 3.5 hrs
STU-1078,9.0,45.1,66.4,97.2,36,1,2.3026,Needs Support,45.72,0.4432,Moderate Risk (Needs Monitoring),Enroll in Remedial Problem-Solving Labs | Increase weekly active study time by 3.5 hrs
STU-1079,4.5,40.1,39.3,72.4,21,0,1.7047,Needs Support,20.63,0.0608,High Risk (Critical Intervention),Enroll in Remedial Problem-Solving Labs | Increase weekly active study time by 3.5 hrs | Mandatory mentor check-in for attendance remediation
STU-1080,13.2,51.2,45.9,69.2,33,1,2.6532,Needs Support,33.3,0.1869,High Risk (Critical Intervention),Enroll in Remedial Problem-Solving Labs | Mandatory mentor check-in for attendance remediation
STU-1081,7.2,40.8,47.3,93.0,31,1,2.1041,Needs Support,38.58,0.2805,High Risk (Critical Intervention),Enroll in Remedial Problem-Solving Labs | Increase weekly active study time by 3.5 hrs
STU-1082,27.2,53.8,43.1,75.0,57,1,3.3393,Needs Support,55.37,0.6763,Moderate Risk (Needs Monitoring),Enroll in Remedial Problem-Solving Labs
STU-1083,7.9,39.0,61.1,88.7,22,0,2.1861,Needs Support,33.55,0.1908,High Risk (Critical Intervention),Enroll in Remedial Problem-Solving Labs | Increase weekly active study time by 3.5 hrs
STU-1084,10.5,55.1,52.4,92.3,37,1,2.4423,Progressing,48.26,0.5065,Moderate Risk (Needs Monitoring),Eligible for Advanced Honors Projects & Peer Mentoring
STU-1085,19.4,63.8,59.0,91.5,55,1,3.0155,Progressing,63.04,0.8182,Low Risk (On Track for Distinction),Eligible for Advanced Honors Projects & Peer Mentoring
STU-1086,5.8,48.0,59.1,77.7,24,0,1.9169,Needs Support,29.07,0.1309,High Risk (Critical Intervention),Enroll in Remedial Problem-Solving Labs | Increase weekly active study time by 3.5 hrs
STU-1087,4.3,46.6,42.7,85.6,26,0,1.6677,Needs Support,32.72,0.1783,High Risk (Critical Intervention),Enroll in Remedial Problem-Solving Labs | Increase weekly active study time by 3.5 hrs
STU-1088,14.0,35.6,52.7,86.7,51,1,2.7081,Needs Support,42.83,0.3736,High Risk (Critical Intervention),Enroll in Remedial Problem-Solving Labs
STU-1089,14.6,40.9,33.0,60.2,41,0,2.7473,Needs Support,26.38,0.1032,High Risk (Critical Intervention),Enroll in Remedial Problem-Solving Labs | Mandatory mentor check-in for attendance remediation
STU-1090,19.1,44.4,59.3,84.5,60,1,3.0007,Needs Support,51.47,0.5859,Moderate Risk (Needs Monitoring),Enroll in Remedial Problem-Solving Labs
STU-1091,16.8,49.3,43.7,91.6,56,1,2.8792,Needs Support,55.15,0.6715,Moderate Risk (Needs Monitoring),Enroll in Remedial Problem-Solving Labs
STU-1092,14.9,53.5,48.8,93.0,49,1,2.7663,Needs Support,54.54,0.6579,Moderate Risk (Needs Monitoring),Enroll in Remedial Problem-Solving Labs
STU-1093,8.4,51.4,54.2,90.7,38,1,2.2407,Needs Support,44.21,0.4064,Moderate Risk (Needs Monitoring),Enroll in Remedial Problem-Solving Labs | Increase weekly active study time by 3.5 hrs
STU-1094,14.4,41.3,56.3,85.1,34,1,2.7344,Needs Support,40.47,0.3202,High Risk (Critical Intervention),Enroll in Remedial Problem-Solving Labs
STU-1095,14.9,32.9,48.3,91.6,50,1,2.7663,Needs Support,45.31,0.4332,Moderate Risk (Needs Monitoring),Enroll in Remedial Problem-Solving Labs
STU-1096,8.2,41.4,46.5,79.5,36,0,2.2192,Needs Support,32.31,0.1724,High Risk (Critical Intervention),Enroll in Remedial Problem-Solving Labs | Increase weekly active study time by 3.5 hrs
STU-1097,31.1,90.8,87.3,96.5,75,1,3.4689,Excelling,91.91,0.9878,Low Risk (On Track for Distinction),Eligible for Advanced Honors Projects & Peer Mentoring
STU-1098,16.3,51.4,70.7,91.7,43,1,2.8507,Needs Support,52.58,0.6125,Moderate Risk (Needs Monitoring),Enroll in Remedial Problem-Solving Labs
STU-1099,6.9,39.6,52.1,80.9,25,0,2.0669,Needs Support,28.75,0.1273,High Risk (Critical Intervention),Enroll in Remedial Problem-Solving Labs | Increase weekly active study time by 3.5 hrs
STU-1100,19.1,66.0,57.8,81.5,51,1,3.0007,Progressing,56.43,0.6991,Moderate Risk (Needs Monitoring),Eligible for Advanced Honors Projects & Peer Mentoring
